{
   "totem_of_undying": "!5",
   "golden_carrot": "!5",
   "paper": "!5",
   "stick": "!5",
   "written_book": "!5",
   "honey_bottle": "!5",
   "carved_pumpkin": "!1",
   "elytra": "!2",
   "iron_chestplate": "!2",
   "diamond_chestplate": "!2",
   "chainmail_chestplate": "!2",
   "golden_chestplate": "!2",
   "netherite_chestplate": "!2",
   "leather_chestplate": "!2",
   "iron_helmet": "!1",
   "diamond_helmet": "!1",
   "turtle_helmet": "!1",
   "chainmail_helmet": "!1",
   "golden_helmet": "!1",
   "netherite_helmet": "!1",
   "leather_helmet": "!1",
   "iron_leggings": "!3",
   "diamond_leggings": "!3",
   "chainmail_leggings": "!3",
   "golden_leggings": "!3",
   "netherite_leggings": "!3",
   "leather_leggings": "!3",
   "iron_boots": "!4",
   "diamond_boots": "!4",
   "chainmail_boots": "!4",
   "golden_boots": "!4",
   "netherite_boots": "!4",
   "leather_boots": "!4",
   "bread": "!5",
   "netherite_sword": "!5",
   "diamond_sword": "!5",
   "golden_sword": "!5",
   "iron_sword": "!5",
   "stone_sword": "!5",
   "wooden_sword": "!5",
   "mace": "!5",
   "wind_charge": "!5",
   "wooden_shovel": "!5",
   "stone_shovel": "!5",
   "iron_shovel": "!5",
   "golden_shovel": "!5",
   "diamond_shovel": "!5",
   "netherite_shovel": "!5",
   "sweet_berries": "!5",
   "powder_snow_bucket": "!5",
   "black_stained_glass": "!5",
   "blue_stained_glass": "!5",
   "brown_stained_glass": "!5",
   "cyan_stained_glass": "!5",
   "gray_stained_glass": "!5",
   "green_stained_glass": "!5",
   "light_blue_stained_glass": "!5",
   "light_gray_stained_glass": "!5",
   "lime_stained_glass": "!5",
   "magenta_stained_glass": "!5",
   "orange_stained_glass": "!5",
   "pink_stained_glass": "!5",
   "purple_stained_glass": "!5",
   "red_stained_glass": "!5",
   "white_stained_glass": "!5",
   "yellow_stained_glass": "!5",
   "lantern": "!5",
   "black_wool": "!5",
   "blue_wool": "!5",
   "brown_wool": "!5",
   "cyan_wool": "!5",
   "gray_wool": "!5",
   "green_wool": "!5",
   "light_blue_wool": "!5",
   "light_gray_wool": "!5",
   "lime_wool": "!5",
   "magenta_wool": "!5",
   "orange_wool": "!5",
   "pink_wool": "!5",
   "purple_wool": "!5",
   "red_wool": "!5",
   "white_wool": "!5",
   "yellow_wool": "!5",
   "cooked_chicken": "!5",
   "spruce_leaves": "!5",
   "wooden_pickaxe": "!5",
   "stone_pickaxe": "!5",
   "iron_pickaxe": "!5",
   "golden_pickaxe": "!5",
   "diamond_pickaxe": "!5",
   "netherite_pickaxe": "!5"
}