{
	"totem_of_undying": "!5",
	"golden_carrot": "!5",
	"paper": "!5",
	"stick": "!5",
	"written_book": "!5",
	"honey_bottle": "!5",
	"carved_pumpkin": "!1",
	"elytra": "!2",
	"iron_chestplate": "!2",
	"diamond_chestplate": "!2",
	"chainmail_chestplate": "!2",
	"golden_chestplate": "!2",
	"netherite_chestplate": "!2",
	"leather_chestplate": "!2",
	"iron_helmet": "!1",
	"diamond_helmet": "!1",
	"turtle_helmet": "!1",
	"chainmail_helmet": "!1",
	"golden_helmet": "!1",
	"netherite_helmet": "!1",
	"leather_helmet": "!1",
	"iron_leggings": "!3",
	"diamond_leggings": "!3",
	"chainmail_leggings": "!3",
	"golden_leggings": "!3",
	"netherite_leggings": "!3",
	"leather_leggings": "!3",
	"iron_boots": "!4",
	"diamond_boots": "!4",
	"chainmail_boots": "!4",
	"golden_boots": "!4",
	"netherite_boots": "!4",
	"leather_boots": "!4",
	"bread": "!5",
	"netherite_sword": "!5",
	"diamond_sword": "!5",
	"golden_sword": "!5",
	"iron_sword": "!5",
	"stone_sword": "!5",
	"wooden_sword": "!5"
	}